path_length,expanded_nodes_num
11.485281374238571,14
65.42640687119281,488
62.012193308819725,443
43.69848480983499,244
91.98275605729684,560
55.769552621700456,261
63.798989873223306,506
45.28427124746189,290
83.74011537017756,1040
106.78174593052013,710
77.32590180780447,435
69.52691193458116,327
70.49747468305829,275
98.88225099390849,947
42.52691193458118,108
72.84062043356589,218
41.94112549695427,80
48.94112549695427,271
48.69848480983498,234
36.28427124746191,133
57.01219330881973,271
26.798989873223338,39
51.11269837220807,215
66.25483399593901,219
21.72792206135786,33
60.01219330881972,393
45.52691193458118,127
53.87005768508879,301
63.35533905932735,346
55.76955262170045,347
105.12489168102775,768
66.42640687119282,142
67.01219330881972,324
48.21320343559641,215
39.04163056034262,119
51.31370849898475,175
69.76955262170043,415
15.071067811865477,31
89.98275605729684,486
30.213203435596434,90
49.52691193458117,163
52.01219330881973,297
11.071067811865476,9
67.32590180780448,355
55.526911934581165,331
53.76955262170044,297
54.970562748477136,235
82.15432893255065,320
70.84062043356592,459
91.74011537017755,337
57.355339059327356,373
88.74011537017756,443
91.81118318204301,835
79.32590180780447,453
72.59797974644663,550
64.28427124746187,480
41.8700576850888,133
71.01219330881972,737
60.526911934581165,421
61.94112549695426,335
98.05382386916229,370
96.81118318204302,682
56.698484809834966,313
65.18376618407355,439
38.87005768508881,75
27.798989873223338,29
20.142135623730955,25
37.87005768508881,138
40.698484809834994,139
39.21320343559643,118
63.01219330881972,310
52.28427124746189,465
64.11269837220806,647
16.313708498984763,21
53.941125496954264,303
67.6690475583121,322
53.59797974644663,92
108.71067811865467,574
46.52691193458117,394
76.8406204335659,740
58.840620433565924,81
67.6690475583121,557
23.72792206135786,40
55.627416997969505,318
63.012193308819725,247
76.39696961966993,686
68.0832611206852,581
51.79898987322331,251
72.69848480983497,828
82.08326112068518,521
78.01219330881972,539
50.769552621700456,123
90.98275605729684,636
62.112698372208065,413
43.45584412271572,98
16.142135623730955,22
78.15432893255065,552
52.35533905932736,181
89.63961030678921,788
65.84062043356592,535
64.25483399593901,197
45.11269837220809,143
43.62741699796952,248
43.62741699796951,229
70.01219330881972,414
66.59797974644663,333
67.59797974644663,332
96.22539674441612,945
37.798989873223334,93
66.15432893255067,131
69.18376618407353,524
21.142135623730955,28
63.38477631085022,301
16.48528137423857,20
76.32590180780448,417
28.798989873223338,69
55.384776310850214,309
35.04163056034262,81
52.52691193458117,244
109.53910524340085,714
62.84062043356592,807
53.18376618407354,235
68.42640687119282,307
71.0832611206852,372
69.0121933088197,671
30.384776310850242,70
85.32590180780446,621
106.4680374315354,363
41.72792206135785,164
54.94112549695426,347
54.11269837220807,329
54.18376618407355,264
43.31370849898476,132
77.66904755831209,497
55.455844122715696,221
38.698484809834994,183
65.18376618407353,633
13.899494936611667,34
77.56854249492375,832
38.21320343559643,133
37.798989873223334,167
133.75230867899728,765
57.25483399593901,207
61.38477631085023,231
123.50966799187796,1231
65.42640687119282,729
75.254833995939,425
48.941125496954264,155
33.041630560342625,55
54.355339059327356,197
68.25483399593901,347
17.313708498984763,21
46.04163056034261,211
27.213203435596434,65
53.87005768508879,198
67.87005768508878,560
62.18376618407355,513
64.11269837220807,248
65.11269837220807,251
67.15432893255065,79
41.45584412271571,185
54.69848480983498,364
46.11269837220809,53
44.94112549695427,81
99.4680374315354,543
66.08326112068518,287
48.69848480983498,183
83.15432893255065,447
60.49747468305829,422
38.38477631085024,161
63.94112549695426,262
79.08326112068518,713
68.59797974644661,274
67.254833995939,449
77.74011537017756,765
57.45584412271569,274
52.69848480983498,177
77.98275605729684,433
108.88225099390849,495
58.012193308819725,235
26.62741699796953,44
58.698484809834966,419
66.18376618407353,221
69.25483399593901,201
93.98275605729684,650
62.21320343559641,299
65.84062043356592,451
60.69848480983498,433
56.35533905932736,427
78.98275605729684,450
43.72792206135785,158
57.112698372208065,194
94.39696961966992,953
50.52691193458117,283
43.28427124746189,113
62.426406871192825,531
69.8406204335659,526
128.92388155425107,868
53.52691193458117,318
43.21320343559642,161
36.62741699796952,51
55.012193308819725,228
74.91168824543136,309
54.426406871192825,252
56.69848480983498,207
75.91168824543138,383
41.45584412271571,94
77.32590180780446,631
17.142135623730955,28
123.02438661763941,448
68.69848480983497,336
60.94112549695425,307
74.6690475583121,615
52.11269837220807,276
73.08326112068518,248
77.8406204335659,327
76.01219330881973,710
49.94112549695427,323
85.91168824543136,792
80.81118318204304,601
81.91168824543136,480
38.62741699796952,112
48.14213562373094,198
24.55634918610405,45
24.55634918610405,32
74.49747468305827,642
62.35533905932735,434
36.2842712474619,101
84.22539674441612,601
49.870057685088796,348
72.11269837220807,767
42.94112549695427,83
23.970562748477146,45
62.0416305603426,556
57.355339059327356,359
15.899494936611667,24
16.485281374238575,30
64.84062043356592,212
67.59797974644663,782
50.55634918610403,206
59.254833995939016,342
17.899494936611667,37
52.18376618407355,172
57.87005768508878,284
56.28427124746189,437
57.284271247461874,382
59.18376618407355,295
48.355339059327356,154
63.526911934581165,155
44.11269837220808,65
54.18376618407355,209
91.32590180780446,568
79.42640687119281,822
33.48528137423857,73
72.18376618407352,503
53.18376618407355,223
56.627416997969505,225
55.041630560342604,291
60.84062043356591,409
57.35533905932735,473
123.19595949289322,1173
52.87005768508879,267
52.840620433565924,171
49.52691193458118,321
66.76955262170044,538
111.36753236814702,1208
55.94112549695426,370
85.66904755831209,265
51.04163056034261,270
53.52691193458117,162
17.313708498984763,28
68.84062043356592,270
63.012193308819725,529
90.22539674441612,851
59.69848480983497,288
65.76955262170044,556
56.284271247461874,401
93.2253967444161,694
13.899494936611667,18
55.87005768508878,294
19.899494936611667,40
69.32590180780447,372
69.49747468305829,398
59.526911934581165,196
40.698484809834994,137
65.84062043356592,742
49.769552621700456,237
47.769552621700456,123
79.4264068711928,816
49.698484809834994,72
64.42640687119282,479
52.769552621700456,321
80.91168824543138,517
35.87005768508881,98
42.21320343559643,158
59.142135623730944,249
61.94112549695424,339
60.76955262170045,417
55.69848480983497,433
47.284271247461895,249
72.49747468305829,786
52.52691193458118,195
21.970562748477146,45
83.08326112068518,548
75.6690475583121,375
66.18376618407353,568
59.769552621700456,204
59.012193308819725,340
94.81118318204302,456
48.52691193458117,145
79.32590180780447,421
55.698484809834966,391
76.08326112068518,381
61.183766184073534,284
63.254833995938995,214
56.941125496954264,200
76.8406204335659,355
65.76955262170043,420
63.84062043356591,239
58.4558441227157,239
46.4558441227157,218
116.4680374315354,739
29.798989873223338,55
75.59797974644663,443
71.08326112068518,518
74.66904755831209,486
55.52691193458117,322
107.53910524340085,299
77.0832611206852,536
100.4680374315354,695
84.56854249492373,576
44.62741699796952,243
59.426406871192825,290
73.08326112068518,390
71.8406204335659,359
57.87005768508878,329
37.45584412271571,100
62.526911934581165,369
49.870057685088796,298
56.25483399593901,124
70.52691193458116,460
41.87005768508881,84
41.14213562373095,110
63.42640687119282,211
40.94112549695428,69
61.35533905932735,297
63.01219330881973,297
68.7989898732233,365
84.74011537017756,671
86.56854249492373,404
50.28427124746188,237
69.35533905932735,283
74.254833995939,432
69.18376618407353,691
61.76955262170045,433
83.74011537017753,623
49.62741699796951,285
39.45584412271571,248
27.970562748477146,73
62.355339059327335,287
77.49747468305829,657
65.69848480983497,388
28.62741699796953,76
15.485281374238573,24
79.32590180780446,661
55.87005768508878,274
58.941125496954264,390
52.69848480983497,220
63.012193308819725,295
65.94112549695426,440
38.62741699796952,116
67.254833995939,251
77.81118318204302,549
54.21320343559641,217
72.49747468305829,349
63.59797974644663,312
64.42640687119281,553
38.04163056034262,95
64.0416305603426,352
58.69848480983498,213
65.01219330881973,364
68.84062043356592,496
54.28427124746189,290
20.48528137423857,31
60.59797974644665,306
51.769552621700456,403
71.01219330881972,279
93.98275605729683,417
36.04163056034262,68
68.6690475583121,566
69.254833995939,312
52.35533905932736,203
44.11269837220808,109
70.01219330881973,514
84.56854249492375,503
60.59797974644663,309
48.59797974644665,108
20.970562748477146,49
46.69848480983499,189
61.426406871192825,642
68.84062043356592,436
59.870057685088796,292
70.8406204335659,512
64.66904755831212,418
57.59797974644663,148
35.72792206135785,134
91.2253967444161,293
21.970562748477146,45
27.384776310850242,69
73.0832611206852,536
105.36753236814704,671
75.08326112068518,355
48.4558441227157,306
65.49747468305829,285
52.11269837220808,484
63.42640687119281,213
53.627416997969505,282
57.6690475583121,352
59.0416305603426,358
42.384776310850235,150
99.98275605729684,827
62.083261120685194,276
15.485281374238573,19
19.899494936611667,42
91.39696961966992,1109
77.32590180780446,320
66.18376618407353,469
29.45584412271572,74
57.426406871192825,381
63.669047558312094,503
40.698484809834994,200
71.91168824543138,607
44.870057685088796,138
68.18376618407353,343
63.840620433565924,277
82.81118318204304,329
49.87005768508879,295
66.254833995939,310
35.72792206135785,113
23.142135623730955,47
37.21320343559642,110
43.69848480983499,236
60.35533905932735,289
48.183766184073555,281
47.21320343559642,258
62.0832611206852,328
51.52691193458117,196
16.72792206135786,29
74.0832611206852,684
67.0832611206852,270
53.69848480983499,265
77.49747468305827,763
65.25483399593901,490
47.941125496954264,291
62.21320343559641,304
54.55634918610403,225
59.94112549695426,360
47.69848480983498,243
104.63961030678921,649
60.25483399593901,194
42.04163056034261,99
54.18376618407354,154
30.970562748477146,67
47.94112549695427,114
45.970562748477136,170
64.25483399593901,409
61.183766184073534,171
81.56854249492375,350
27.384776310850242,53
58.42640687119282,376
70.42640687119282,290
58.76955262170044,304
15.485281374238571,18
21.55634918610405,47
60.76955262170044,487
59.87005768508879,259
56.526911934581165,163
88.56854249492375,895
61.76955262170045,378
15.313708498984763,15
54.0416305603426,250
86.63961030678921,360
51.42640687119283,93
79.56854249492375,317
106.4680374315354,1573
68.11269837220806,495
47.28427124746189,245
53.59797974644664,253
53.59797974644663,143
60.012193308819725,342
64.35533905932735,353
61.87005768508878,424
51.52691193458117,243
41.4558441227157,50
109.29646455628158,560
70.32590180780447,309
50.18376618407354,84
108.78174593052012,789
69.28427124746187,344
20.72792206135786,34
53.870057685088796,276
86.98275605729684,487
43.870057685088796,120
45.79898987322332,193
70.0832611206852,510
20.970562748477146,40
64.04163056034258,542
47.769552621700456,238
42.284271247461895,210
61.11269837220807,435
56.76955262170044,158
60.62741699796949,367
58.18376618407355,349
63.28427124746189,423
90.98275605729683,422
38.14213562373095,68
85.74011537017755,956
53.11269837220807,221
68.59797974644663,444
90.98275605729683,504
38.2842712474619,85
50.11269837220809,102
72.81118318204304,197
60.35533905932735,362
90.39696961966992,353
21.313708498984763,51
58.526911934581165,401
72.91168824543136,246
32.62741699796953,85
66.49747468305829,257
45.76955262170046,81
46.52691193458118,199
45.28427124746189,123
61.012193308819725,306
75.15432893255065,315
54.55634918610403,250
50.48528137423857,128
88.56854249492373,330
35.28427124746191,54
78.01219330881972,507
60.284271247461874,245
31.384776310850242,81
85.63961030678921,947
44.870057685088796,89
51.870057685088796,313
84.59797974644663,1462
61.28427124746189,382
48.355339059327356,160
75.254833995939,453
69.42640687119281,444
67.01219330881972,524
75.18376618407353,374
38.798989873223334,213
80.91168824543136,714
72.18376618407353,333
39.04163056034261,121
100.88225099390847,706
62.59797974644664,276
32.627416997969526,45
46.2842712474619,141
14.727922061357859,18
46.79898987322332,156
56.59797974644664,275
58.69848480983498,809
77.35533905932735,595
61.59797974644663,205
74.66904755831209,515
38.94112549695428,167
16.142135623730955,24
85.56854249492373,638
75.91168824543136,443
78.32590180780447,455
139.85281374238565,697
53.455844122715696,256
47.94112549695427,191
62.698484809834966,427
61.840620433565924,173
28.62741699796953,62
86.74011537017756,1034
44.11269837220809,226
65.2132034355964,370
56.727922061357845,185
59.01219330881973,283
68.42640687119281,659
53.69848480983497,271
67.01219330881972,527
38.112698372208094,59
74.66904755831209,595
47.35533905932736,188
54.941125496954264,230
70.59797974644661,595
119.78174593052012,486
74.66904755831209,509
72.6690475583121,389
100.2253967444161,965
55.14213562373094,219
59.012193308819725,319
34.627416997969526,76
93.22539674441612,389
59.45584412271569,362
24.55634918610405,24
60.76955262170045,430
46.11269837220808,185
44.627416997969505,200
59.284271247461874,286
38.45584412271572,35
117.95331880577393,425
71.76955262170044,470
79.42640687119281,349
44.556349186104036,148
68.49747468305829,535
65.28427124746187,358
53.28427124746189,275
40.384776310850235,110
66.18376618407353,717
68.18376618407352,469
85.81118318204302,440
58.59797974644664,228
50.59797974644664,289
25.384776310850242,46
48.38477631085022,208
16.72792206135786,21
54.769552621700456,294
52.38477631085023,253
47.870057685088796,181
53.769552621700456,179
62.18376618407354,248
46.94112549695428,206
75.15432893255067,376
59.355339059327356,389
53.769552621700456,138
59.76955262170045,299
47.79898987322332,271
64.42640687119282,202
69.42640687119282,401
64.94112549695424,488
65.59797974644663,378
61.84062043356592,151
72.76955262170046,775
44.2842712474619,116
46.28427124746189,128
37.04163056034262,119
44.284271247461895,167
101.6396103067892,867
69.0832611206852,318
80.49747468305829,526
60.59797974644663,430
21.55634918610405,47
56.284271247461874,385
40.45584412271571,110
39.55634918610404,160
67.91168824543138,408
60.11269837220806,371
113.4680374315354,1233
54.769552621700456,299
64.11269837220809,286
76.84062043356592,272
52.69848480983498,256
66.18376618407353,336
68.6690475583121,439
91.4680374315354,644
53.94112549695426,216
51.62741699796951,179
42.94112549695428,199
65.94112549695426,284
58.18376618407354,299
72.49747468305829,441
77.56854249492375,329
9.485281374238571,7
83.39696961966993,638
69.52691193458116,425
53.11269837220809,299
83.91168824543138,969
44.69848480983498,82
23.142135623730958,44
69.76955262170043,398
45.87005768508879,242
67.4974746830583,349
71.25483399593901,409
50.11269837220807,232
55.28427124746189,236
67.52691193458115,601
52.11269837220807,253
69.94112549695426,224
52.72792206135785,154
12.485281374238571,21
20.55634918610405,27
57.18376618407354,252
91.15432893255064,403
53.18376618407354,150
37.14213562373095,176
32.041630560342625,70
20.313708498984763,26
78.32590180780446,675
40.21320343559643,188
50.21320343559641,216
64.8406204335659,636
68.35533905932735,354
128.50966799187796,674
17.313708498984763,26
16.313708498984763,34
79.74011537017755,408
105.19595949289322,645
55.769552621700456,133
46.45584412271571,139
58.11269837220807,165
63.284271247461874,294
95.05382386916229,1012
20.142135623730955,36
57.11269837220808,345
65.59797974644663,820
54.355339059327356,217
72.98275605729684,487
71.15432893255065,322
31.041630560342625,79
65.69848480983497,536
66.18376618407353,539
49.21320343559641,266
74.25483399593901,603
31.213203435596434,80
19.142135623730955,30
57.76955262170045,181
25.142135623730955,48
59.69848480983497,375
70.254833995939,345
64.76955262170043,574
68.42640687119281,538
71.18376618407353,809
59.21320343559641,294
43.62741699796952,78
62.25483399593901,731
66.69848480983497,401
70.76955262170044,586
52.526911934581165,351
62.38477631085023,316
29.55634918610405,61
20.142135623730955,26
82.98275605729684,408
92.56854249492373,504
74.18376618407352,377
46.76955262170046,298
61.87005768508878,421
78.32590180780446,734
33.213203435596434,75
66.25483399593901,534
66.01219330881972,493
90.22539674441612,556
94.15432893255064,1278
112.4386001800125,630
61.11269837220807,402
54.526911934581165,89
98.12489168102776,576
96.81118318204301,627
79.49747468305829,569
50.72792206135785,183
78.59797974644663,760
27.798989873223338,62
63.49747468305829,403
59.94112549695426,518
80.74011537017755,431
87.81118318204301,864
18.89949493661167,46
57.76955262170045,390
68.84062043356592,733
60.76955262170045,333
35.21320343559643,68
55.01219330881973,271
88.32590180780446,569
79.81118318204302,429
65.49747468305829,221
74.98275605729685,247
19.55634918610405,28
66.84062043356592,576
53.0416305603426,258
38.798989873223334,113
35.698484809835,36
116.71067811865467,461
63.012193308819725,165
87.56854249492373,600
46.28427124746189,105
44.284271247461895,151
73.6690475583121,390
66.25483399593901,320
59.183766184073534,469
45.4558441227157,233
73.42640687119281,414
33.627416997969526,107
66.59797974644663,375
67.84062043356592,300
54.28427124746189,184
77.74011537017756,533
121.88225099390847,810
82.49747468305827,341
43.79898987322332,182
73.32590180780447,521
20.313708498984763,28
114.88225099390847,737
50.970562748477136,234
69.8406204335659,256
64.94112549695426,305
12.242640687119286,12
15.727922061357859,21
42.48528137423856,91
109.53910524340087,518
86.63961030678921,584
40.62741699796952,175
63.6690475583121,187
58.76955262170044,247
21.970562748477146,29
79.08326112068518,593
84.32590180780446,347
67.84062043356592,600
49.62741699796951,116
65.18376618407353,184
52.18376618407355,286
130.0243866176394,866
55.35533905932736,286
61.69848480983498,356
74.91168824543138,302
151.23759005323595,1132
15.899494936611667,20
31.798989873223338,63
58.941125496954264,282
57.76955262170044,319
56.355339059327356,280
50.04163056034261,255
52.28427124746188,506
68.08326112068518,400
76.08326112068518,506
29.62741699796953,59
84.74011537017755,759
39.04163056034262,109
17.142135623730955,19
84.39696961966993,437
123.19595949289322,1126
19.313708498984763,35
72.0832611206852,288
54.35533905932736,127
23.384776310850242,51
84.56854249492375,583
75.15432893255067,358
67.25483399593901,615
71.66904755831209,547
67.11269837220807,695
46.11269837220808,140
73.94112549695426,411
82.32590180780446,435
80.25483399593898,1317
49.4558441227157,321
102.98275605729684,916
89.15432893255064,749
74.74011537017756,285
35.798989873223334,57
96.29646455628158,768
93.56854249492375,790
73.08326112068518,334
41.284271247461895,74
91.0538238691623,584
45.698484809834994,361
61.35533905932735,299
67.59797974644663,505
76.254833995939,355
46.4558441227157,213
35.04163056034262,83
47.769552621700456,115
67.6690475583121,350
21.970562748477146,36
51.11269837220808,371
129.19595949289322,1234
66.01219330881972,392
42.87005768508881,177
133.75230867899728,670
70.66904755831209,161
84.15432893255065,569
80.8406204335659,671
41.04163056034261,194
51.355339059327356,354
80.32590180780446,1104
169.7228714274746,1603
33.72792206135786,89
39.31370849898476,102
70.6690475583121,1106
16.313708498984763,21
78.15432893255065,550
36.45584412271572,65
16.313708498984763,26
76.59797974644661,690
39.698484809834994,175
19.48528137423857,20
40.04163056034261,203
60.76955262170044,409
61.38477631085023,271
40.698484809834994,117
58.79898987322331,267
71.76955262170044,365
56.840620433565924,414
65.94112549695426,355
47.627416997969505,271
44.284271247461895,90
58.254833995939016,300
63.284271247461874,587
62.42640687119282,276
69.59797974644663,272
53.941125496954264,384
53.76955262170045,186
93.6396103067892,839
52.87005768508879,342
13.899494936611667,22
68.0832611206852,361
52.941125496954264,317
55.79898987322332,325
53.526911934581165,315
41.112698372208094,88
75.91168824543136,605
44.041630560342604,127
35.21320343559643,150
49.76955262170046,113
79.08326112068518,642
87.81118318204302,387
94.56854249492373,885
69.0832611206852,716
56.455844122715696,200
53.0416305603426,241
82.56854249492375,545
56.526911934581165,262
22.55634918610405,51
83.15432893255064,469
92.91168824543136,979
67.6274169979695,367
64.59797974644664,226
62.01219330881973,222
54.52691193458117,113
74.01219330881972,845
31.041630560342625,61
57.526911934581165,249
27.798989873223338,60
50.28427124746188,194
48.11269837220807,246
59.28427124746188,413
80.08326112068518,605
57.012193308819725,157
71.0832611206852,703
68.8406204335659,451
22.55634918610405,51
50.69848480983499,391
33.87005768508882,51
65.79898987322332,305
81.66904755831209,496
56.426406871192825,338
70.49747468305829,270
76.8406204335659,712
84.56854249492375,752
46.94112549695427,200
91.88225099390849,248
78.59797974644664,425
78.49747468305827,307
110.12489168102775,1252
74.66904755831207,357
57.284271247461874,346
42.52691193458118,140
46.52691193458118,187
68.59797974644664,422
85.81118318204302,944
67.18376618407353,358
72.01219330881972,499
65.84062043356592,366
24.55634918610405,40
47.284271247461895,230
156.65180361560905,567
62.79898987322332,262
53.59797974644665,199
66.59797974644663,475
66.0832611206852,481
84.74011537017755,453
50.355339059327356,204
55.69848480983497,247
23.142135623730955,40
107.12489168102775,691
65.0416305603426,449
67.84062043356592,344
45.69848480983499,292
36.38477631085024,77
51.94112549695427,310
63.25483399593901,422
78.01219330881972,354
68.49747468305829,431
127.85281374238559,967
51.870057685088796,187
43.94112549695428,196
40.11269837220809,103
22.55634918610405,41
59.426406871192825,206
101.29646455628158,643
57.355339059327356,426
75.56854249492375,905
66.01219330881973,269
66.0832611206852,345
55.52691193458117,371
57.355339059327356,278
80.91168824543138,688
34.87005768508881,70
45.79898987322332,146
93.4680374315354,523
56.28427124746189,119
50.941125496954264,159
60.87005768508879,281
65.52691193458118,476
85.81118318204302,461
88.39696961966993,355
59.01219330881973,399
77.74011537017756,283
56.35533905932736,548
50.35533905932735,333
73.91168824543139,591
60.18376618407354,275
50.28427124746189,204
37.698484809834994,91
59.526911934581165,261
81.56854249492375,387
60.59797974644664,259
54.11269837220807,428
44.94112549695427,301
57.041630560342604,312
105.78174593052013,393
45.526911934581186,101
20.72792206135786,52
65.84062043356592,324
62.35533905932735,556
58.183766184073534,334
50.355339059327356,184
49.11269837220808,138
19.72792206135786,28
48.28427124746189,305
47.35533905932737,77
77.56854249492375,333
57.11269837220807,252
68.0832611206852,232
88.32590180780446,793
48.94112549695427,137
83.74011537017755,559
70.91168824543138,495
51.94112549695427,283
116.6396103067892,579
59.35533905932735,461
66.8406204335659,347
71.91168824543138,526
81.56854249492375,630
63.69848480983498,393
31.870057685088817,85
70.91168824543138,307
44.14213562373095,251
51.48528137423857,130
55.012193308819725,175
72.01219330881972,485
45.11269837220808,69
57.798989873223306,345
55.870057685088796,219
59.35533905932735,228
63.18376618407354,316
62.59797974644663,234
14.071067811865476,32
28.213203435596434,41
57.59797974644665,177
73.25483399593901,664
29.798989873223338,64
72.254833995939,564
62.69848480983498,485
63.18376618407354,407
58.6690475583121,195
60.870057685088796,381
49.69848480983497,227
51.526911934581165,337
66.59797974644664,332
82.08326112068518,410
81.74011537017755,739
165.13708498984766,685
44.2842712474619,164
62.18376618407354,198
45.69848480983499,202
51.11269837220807,324
59.94112549695426,352
25.970562748477146,31
74.49747468305827,231
50.284271247461874,298
50.769552621700456,114
60.355339059327356,283
54.14213562373094,223
75.8406204335659,570
58.597979746446626,396
70.15432893255065,276
83.98275605729684,702
57.4558441227157,219
72.56854249492376,298
46.35533905932737,174
85.88225099390849,612
58.59797974644663,394
115.39696961966992,1366
63.497474683058286,252
144.33809511662426,1014
47.769552621700456,257
93.39696961966992,584
65.0832611206852,400
52.941125496954264,302
56.94112549695426,352
62.183766184073534,434
59.355339059327356,136
40.38477631085023,134
56.52691193458117,381
61.79898987322332,309
55.01219330881973,362
69.0832611206852,300
76.42640687119281,649
49.59797974644665,174
55.11269837220807,254
51.8700576850888,126
43.384776310850235,222
62.76955262170045,209
58.526911934581165,256
51.35533905932736,154
88.08326112068518,785
61.183766184073534,454
70.49747468305829,372
85.56854249492375,611
76.18376618407353,482
48.62741699796951,304
66.66904755831209,241
37.798989873223334,139
47.35533905932736,107
62.76955262170044,273
80.39696961966995,741
21.72792206135786,31
57.355339059327356,350
74.76955262170044,744
63.183766184073534,343
57.69848480983498,278
62.183766184073534,411
69.25483399593901,637
72.39696961966995,256
60.52691193458117,301
104.63961030678921,353
70.8406204335659,466
50.31370849898475,192
50.79898987322332,239
61.84062043356592,312
45.970562748477136,197
28.970562748477146,68
59.69848480983498,311
71.69848480983498,694
25.55634918610405,51
61.42640687119281,279
74.59797974644663,489
20.485281374238575,26
63.84062043356592,150
66.59797974644664,384
58.21320343559641,366
67.49747468305829,429
41.21320343559643,96
64.0416305603426,388
48.04163056034261,128
70.15432893255065,290
46.35533905932737,111
15.899494936611669,23
43.62741699796951,293
48.69848480983498,303
54.18376618407354,294
24.384776310850242,52
19.313708498984763,20
62.698484809834966,252
54.769552621700456,301
56.526911934581165,228
85.91168824543136,251
78.08326112068518,375
47.38477631085023,208
75.49747468305829,432
68.32590180780447,201
43.52691193458118,149
57.355339059327356,220
63.284271247461874,365
53.04163056034261,247
61.911688245431385,593
48.526911934581165,122
37.970562748477136,159
20.72792206135786,27
69.01219330881972,410
68.84062043356592,288
58.59797974644663,588
64.76955262170046,172
79.49747468305827,621
71.254833995939,382
74.32590180780447,375
40.94112549695428,150
46.11269837220809,119
60.28427124746189,187
55.35533905932736,245
69.76955262170044,256
36.87005768508881,100
51.87005768508879,346
41.52691193458118,62
58.45584412271569,358
21.72792206135786,35
57.59797974644663,216
55.76955262170044,228
41.11269837220809,76
68.42640687119281,267
43.870057685088796,185
66.91168824543138,287
17.72792206135786,30
49.21320343559641,293
79.98275605729684,457
28.384776310850242,71
39.11269837220809,145
70.59797974644663,622
64.79898987322332,376
67.59797974644663,350
66.91168824543139,461
67.94112549695426,394
81.81118318204302,317
61.69848480983497,465
17.899494936611667,24
81.22539674441613,466
89.56854249492375,846
46.11269837220807,236
51.284271247461895,191
35.627416997969526,90
18.72792206135786,29
62.42640687119282,558
42.8700576850888,147
88.32590180780446,862
64.11269837220806,421
65.42640687119282,486
53.0416305603426,275
57.76955262170045,200
79.74011537017755,492
49.21320343559641,344
47.69848480983498,98
62.59797974644663,433
64.91168824543138,488
119.43860018001251,909
57.18376618407355,332
43.11269837220809,82
45.94112549695427,220
59.18376618407354,435
59.11269837220807,179
58.35533905932735,377
27.798989873223338,48
87.56854249492375,897
82.39696961966993,201
73.76955262170044,523
45.11269837220808,175
26.384776310850242,51
48.28427124746188,206
61.769552621700434,368
76.91168824543138,439
55.426406871192825,206
64.59797974644663,325
23.55634918610405,48
22.384776310850242,38
60.66904755831211,189
50.142135623730944,240
66.91168824543138,249
105.12489168102776,839
65.01219330881972,363
49.11269837220808,178
63.254833995939,192
46.28427124746189,146
105.53910524340085,621
67.01219330881972,432
37.87005768508881,66
62.69848480983498,389
66.25483399593901,347
53.18376618407354,224
55.76955262170044,402
96.22539674441612,620
38.2842712474619,75
81.98275605729684,562
18.142135623730955,31
82.98275605729683,584
51.970562748477136,301
72.91168824543138,1019
43.4558441227157,157
32.041630560342625,66
81.74011537017756,422
20.142135623730955,31
59.87005768508879,408
79.8406204335659,615
66.59797974644663,425
18.313708498984763,22
90.32590180780447,738
43.870057685088796,162
21.798989873223338,32
47.941125496954264,121
15.313708498984763,26
77.6690475583121,754
87.39696961966993,675
62.94112549695426,394
52.769552621700456,320
21.384776310850242,40
70.66904755831209,268
17.899494936611667,25
47.38477631085023,203
50.94112549695427,355
56.012193308819725,694
65.38477631085023,362
37.62741699796952,144
41.4558441227157,134
74.66904755831209,330
74.91168824543138,780
52.11269837220807,275
48.11269837220807,213
64.42640687119282,238
67.6690475583121,502
81.74011537017756,968
55.11269837220807,388
82.56854249492375,452
60.25483399593901,251
58.35533905932735,425
41.45584412271571,99
78.08326112068521,478
60.18376618407354,182
66.11269837220807,161
114.61017305526632,588
39.04163056034261,109
37.2842712474619,63
53.69848480983498,321
120.95331880577395,968
35.798989873223334,142
43.284271247461895,173
106.88225099390849,753
50.52691193458117,158
83.56854249492375,455
41.45584412271571,87
79.254833995939,687
90.98275605729683,602
104.36753236814704,617
14.727922061357859,16
47.0416305603426,195
75.91168824543138,176
15.313708498984763,23
48.28427124746189,151
12.656854249492381,15
49.79898987322332,214
44.62741699796952,160
54.18376618407355,353
65.11269837220806,392
74.49747468305827,315
51.59797974644664,120
144.095454429505,1203
77.91168824543138,432
92.29646455628158,535
57.18376618407354,111
168.7228714274746,1217
119.19595949289321,1059
59.94112549695426,439
64.66904755831209,472
27.213203435596434,41
65.42640687119282,233
72.35533905932735,391
65.0832611206852,246
46.69848480983498,226
75.91168824543136,276
52.69848480983498,267
63.28427124746188,442
19.142135623730955,22
30.870057685088817,42
99.88225099390849,1106
62.18376618407353,190
74.32590180780447,544
42.11269837220809,95
21.142135623730955,24
119.95331880577393,1153
63.8406204335659,335
64.35533905932735,438
43.69848480983499,197
56.526911934581165,191
61.112698372208065,300
81.91168824543136,824
73.74011537017756,388
61.91168824543138,309
53.69848480983497,401
80.56854249492375,623
117.95331880577393,719
70.52691193458115,409
78.6690475583121,491
57.35533905932735,366
74.49747468305827,301
88.81118318204301,277
41.79898987322332,190
52.11269837220807,237
51.69848480983499,140
76.0121933088197,453
52.35533905932735,151
84.56854249492375,501
58.426406871192825,368
53.426406871192825,214
47.18376618407355,192
49.556349186104036,189
118.95331880577393,1078
61.426406871192825,306
19.142135623730955,32
50.11269837220808,147
62.041630560342604,368
114.85281374238559,994
86.15432893255064,655
50.94112549695427,239
38.45584412271571,67
17.899494936611667,28
66.32590180780448,371
52.79898987322333,189
79.32590180780446,850
45.870057685088796,145
56.970562748477136,172
67.42640687119281,340
59.69848480983498,255
54.14213562373094,247
54.52691193458116,281
73.84062043356592,668
70.49747468305829,343
100.6396103067892,654
52.355339059327356,233
62.84062043356592,279
70.76955262170044,423
60.254833995939016,249
63.597979746446626,363
63.84062043356592,212
45.21320343559643,133
65.49747468305829,364
54.87005768508879,355
106.29646455628158,1256
88.15432893255064,489
64.76955262170044,324
70.49747468305829,244
72.01219330881972,404
97.4680374315354,641
58.35533905932736,292
80.84062043356589,787
83.0832611206852,339
60.426406871192825,195
37.142135623730944,249
54.76955262170044,162
65.91168824543138,291
56.94112549695426,322
43.97056274847713,166
61.59797974644663,401
49.76955262170045,112
52.42640687119283,224
65.69848480983498,314
61.84062043356591,289
71.32590180780447,357
101.0538238691623,436
58.35533905932734,259
55.0416305603426,295
20.313708498984763,37
20.970562748477146,39
65.42640687119282,311
86.49747468305827,536
31.62741699796953,63
74.6690475583121,482
83.66904755831207,631
146.26702730475878,906
19.72792206135786,30
59.94112549695426,417
65.84062043356592,417
81.74011537017756,559
31.45584412271572,63
86.22539674441613,774
69.87005768508878,369
62.42640687119282,283
66.35533905932735,253
55.59797974644664,127
39.45584412271571,88
114.12489168102775,812
22.384776310850242,30
54.01219330881973,161
70.84062043356592,319
52.87005768508879,311
44.55634918610406,98
42.69848480983499,150
40.4558441227157,176
71.08326112068518,346
60.49747468305829,196
56.526911934581165,347
54.870057685088796,234
16.313708498984763,16
56.6274169979695,315
53.52691193458118,527
44.21320343559642,326
50.526911934581165,149
56.35533905932735,311
68.8406204335659,282
56.69848480983498,349
54.28427124746189,361
54.76955262170044,188
43.870057685088796,220
58.94112549695427,300
50.28427124746189,146
72.91168824543138,374
60.76955262170044,358
78.49747468305827,468
63.083261120685194,158
22.384776310850242,28
50.69848480983499,200
81.15432893255065,457
65.52691193458116,300
73.4974746830583,703
73.66904755831209,683
59.66904755831211,421
119.29646455628156,1125
64.25483399593901,339
48.941125496954264,177
65.18376618407353,507
58.59797974644663,439
58.87005768508879,398
83.81118318204302,403
25.970562748477146,33
48.970562748477136,443
76.32590180780447,455
46.94112549695427,106
85.91168824543138,675
93.39696961966992,888
35.38477631085024,164
55.0416305603426,285
73.59797974644663,582
88.56854249492373,354
74.49747468305829,401
56.112698372208065,348
60.012193308819725,377
69.01219330881972,1041
63.01219330881973,232
44.28427124746189,250
46.79898987322333,214
46.28427124746189,139
70.91168824543138,489
60.18376618407354,300
70.25483399593901,570
57.35533905932736,193
50.769552621700456,121
23.72792206135786,47
53.355339059327356,296
66.0832611206852,226
83.49747468305827,768
87.91168824543136,597
58.0416305603426,619
20.55634918610405,24
90.63961030678921,546
66.254833995939,366
65.74011537017758,365
48.79898987322332,184
55.79898987322331,382
46.14213562373095,164
72.76955262170044,875
57.94112549695426,280
93.4680374315354,628
64.42640687119282,723
53.284271247461874,255
63.698484809834966,337
90.0538238691623,857
38.14213562373095,153
71.42640687119282,192
63.18376618407355,310
46.8700576850888,168
70.76955262170044,441
62.59797974644664,376
24.384776310850242,45
33.627416997969526,70
59.0416305603426,379
62.6690475583121,458
59.769552621700456,274
16.48528137423857,20
58.18376618407354,183
71.42640687119282,695
65.59797974644663,233
49.0416305603426,371
51.21320343559641,275
53.526911934581165,166
65.11269837220807,447
15.656854249492381,24
65.18376618407353,316
46.52691193458117,108
59.35533905932735,505
64.74011537017756,299
36.04163056034262,85
68.01219330881972,238
39.62741699796952,109
63.76955262170044,576
170.79393923934006,775
127.85281374238559,912
78.32590180780447,463
60.213203435596405,383
73.49747468305829,443
37.45584412271572,71
61.76955262170045,199
77.254833995939,873
66.59797974644663,441
38.8700576850888,95
106.53910524340085,972
58.627416997969505,280
46.69848480983499,245
126.68124086713179,750
53.59797974644664,296
45.28427124746189,96
63.012193308819725,293
75.74011537017756,821
61.69848480983497,368
79.15432893255065,393
33.041630560342625,69
64.42640687119282,120
75.01219330881972,395
81.98275605729684,640
57.01219330881973,326
64.35533905932735,393
124.0243866176394,1386
64.01219330881972,227
51.59797974644664,140
57.0416305603426,338
70.18376618407353,643
43.35533905932736,218
57.55634918610403,276
76.01219330881972,869
45.11269837220809,224
68.18376618407353,594
54.76955262170045,185
67.18376618407353,358
66.8406204335659,510
67.59797974644664,665
59.08326112068521,191
48.97056274847713,193
57.84062043356592,211
52.970562748477136,185
15.485281374238571,17
52.42640687119283,109
43.284271247461895,80
55.426406871192825,180
92.4680374315354,914
77.42640687119281,476
69.25483399593901,273
65.18376618407355,261
82.08326112068518,628
74.91168824543138,730
58.11269837220807,221
38.8700576850888,103
63.59797974644663,510
63.69848480983497,349
27.041630560342625,51
58.76955262170045,256
53.112698372208065,247
17.142135623730955,21
53.94112549695425,471
58.627416997969505,331
43.35533905932737,103
62.183766184073534,668
55.4558441227157,325
85.56854249492373,878
69.59797974644663,270
54.76955262170044,255
42.62741699796952,108
53.69848480983498,341
67.76955262170044,488
58.94112549695426,284
59.18376618407354,167
56.727922061357845,219
83.66904755831209,766
69.76955262170044,371
83.15432893255065,920
50.11269837220807,415
76.91168824543138,416
74.49747468305829,518
45.69848480983499,128
54.52691193458117,438
115.12489168102776,832
77.49747468305829,670
49.11269837220808,117
30.798989873223338,74
47.0416305603426,103
46.28427124746189,204
20.72792206135786,29
66.59797974644664,140
82.76955262170043,641
69.94112549695424,395
73.254833995939,256
46.769552621700456,58
32.213203435596434,64
49.28427124746189,302
75.56854249492375,699
46.870057685088796,103
73.01219330881972,275
61.083261120685194,185
62.59797974644664,658
72.66904755831209,817
80.56854249492375,170
81.74011537017755,993
70.76955262170044,509
48.79898987322332,267
53.526911934581165,204
92.2253967444161,594
49.94112549695427,200
25.970562748477146,45
48.59797974644664,120
62.11269837220807,238
44.69848480983499,163
61.21320343559641,249
59.69848480983497,243
60.42640687119282,444
42.45584412271571,213
34.14213562373095,77
35.627416997969526,95
26.142135623730955,34
68.18376618407353,324
56.11269837220806,408
76.74011537017756,502
80.08326112068518,785
40.55634918610404,125
68.94112549695426,417
54.28427124746188,194
13.899494936611667,25
60.42640687119282,402
58.59797974644663,314
15.899494936611667,23
76.91168824543136,782
56.28427124746189,412
52.76955262170045,240
61.28427124746188,335
80.32590180780446,428
55.941125496954264,379
76.66904755831209,890
75.42640687119282,499
64.42640687119281,324
47.35533905932736,267
55.52691193458117,270
53.355339059327356,224
104.6396103067892,504
46.52691193458118,115
53.69848480983498,254
50.31370849898475,208
39.04163056034262,105
66.59797974644663,303
102.56854249492375,1329
67.42640687119281,427
105.46803743153538,577
88.15432893255064,301
64.32590180780448,363
16.313708498984763,36
65.0832611206852,539
68.01219330881973,303
63.59797974644664,313
71.91168824543138,434
72.25483399593901,523
126.19595949289322,528
44.04163056034261,117
34.798989873223334,140
48.21320343559641,163
54.18376618407354,215
57.76955262170045,256
58.84062043356592,136
80.56854249492375,771
78.6690475583121,697
54.970562748477136,297
53.11269837220807,386
19.899494936611667,44
62.183766184073534,310
54.38477631085022,296
47.355339059327356,167
61.79898987322331,340
55.94112549695426,349
70.25483399593901,412
28.62741699796953,57
43.62741699796952,226
75.25483399593901,477
51.112698372208065,364
52.11269837220809,151
19.72792206135786,36
68.76955262170046,351
51.28427124746189,202
52.79898987322332,271
20.970562748477146,40
60.76955262170045,241
60.012193308819725,146
54.941125496954264,344
51.52691193458117,201
60.18376618407354,248
72.91168824543138,584
19.313708498984766,25
51.94112549695427,231
73.8406204335659,468
48.21320343559641,178
66.91168824543138,207
62.012193308819725,401
78.254833995939,568
49.04163056034262,75
59.426406871192825,286
61.45584412271569,750
52.526911934581165,153
44.94112549695427,263
50.01219330881974,147
117.36753236814704,1339
23.55634918610405,41
88.15432893255064,489
23.970562748477146,41
50.69848480983498,285
87.98275605729684,530
46.041630560342604,417
75.6690475583121,435
78.56854249492375,706
84.56854249492375,430
56.69848480983497,330
79.25483399593898,524
56.970562748477136,215
136.02438661763944,1357
47.69848480983498,327
54.59797974644664,234
102.95331880577395,604
62.94112549695426,190
88.71067811865468,612
82.74011537017755,870
61.94112549695425,295
60.213203435596405,371
46.21320343559643,80
107.29646455628156,584
72.91168824543139,409
52.69848480983499,216
49.04163056034262,246
50.04163056034261,218
19.142135623730955,31
39.8700576850888,108
67.94112549695426,338
56.62741699796951,237
70.59797974644663,507
86.66904755831209,645
65.69848480983498,480
31.45584412271572,55
46.94112549695427,200
21.142135623730955,35
63.94112549695426,448
69.59797974644663,419
57.28427124746188,204
13.65685424949238,20
67.42640687119281,591
35.72792206135786,79
68.76955262170044,214
46.62741699796952,212
63.94112549695426,554
56.59797974644664,206
67.21320343559641,374
55.21320343559641,367
53.59797974644664,271
59.35533905932735,264
54.870057685088796,314
91.63961030678921,452
61.14213562373094,236
52.941125496954264,232
26.384776310850242,35
33.627416997969526,63
27.970562748477146,55
66.42640687119282,776
51.28427124746188,203
65.69848480983497,542
67.11269837220807,434
70.254833995939,363
68.6690475583121,269
74.49747468305829,350
55.45584412271569,270
73.84062043356592,442
59.42640687119282,173
17.72792206135786,28
45.69848480983499,188
42.62741699796952,199
42.69848480983499,94
39.8700576850888,130
69.84062043356592,336
87.0538238691623,731
73.59797974644663,541
60.18376618407354,342
107.29646455628156,504
36.798989873223334,230
28.970562748477146,55
59.183766184073534,227
66.87005768508878,231
64.42640687119282,522
45.870057685088796,196
31.213203435596434,56
93.15432893255064,550
67.42640687119281,417
81.56854249492375,298
72.35533905932735,365
83.32590180780447,688
59.59797974644663,388
49.79898987322331,265
74.91168824543138,537
88.74011537017755,447
71.25483399593901,359
70.18376618407353,252
90.63961030678921,571
57.52691193458117,215
50.769552621700456,224
64.94112549695426,427
59.14213562373094,238
27.798989873223338,49
52.94112549695427,112
68.66904755831209,509
63.727922061357845,280
88.98275605729683,675
72.42640687119281,613
62.76955262170044,282
66.18376618407353,416
44.284271247461895,277
49.52691193458118,292
58.426406871192825,236
67.49747468305829,274
57.52691193458117,297
99.88225099390849,417
57.52691193458116,309
53.455844122715696,356
63.526911934581165,574
74.35533905932735,377
47.28427124746189,281
74.0832611206852,569
69.8406204335659,514
94.22539674441612,965
32.627416997969526,41
71.0832611206852,369
61.012193308819725,272
80.32590180780446,374
63.59797974644663,409
83.98275605729684,396
57.84062043356592,231
60.87005768508878,397
23.970562748477146,55
16.899494936611667,18
59.04163056034259,436
50.941125496954264,165
76.25483399593901,275
46.35533905932736,246
69.66904755831209,441
63.01219330881972,305
153.1665222413705,1265
71.18376618407353,341
65.87005768508878,447
50.11269837220807,158
111.02438661763941,731
15.727922061357859,25
23.55634918610405,22
58.87005768508878,268
26.213203435596434,39
60.76955262170045,141
33.627416997969526,87
53.28427124746189,328
19.72792206135786,40
89.74011537017756,737
64.59797974644663,257
15.485281374238571,44
51.355339059327356,157
53.79898987322332,230
68.69848480983497,364
40.8700576850888,154
57.35533905932736,290
57.21320343559641,398
94.2253967444161,1294
59.59797974644664,461
21.970562748477146,58
88.91168824543136,721
47.627416997969505,292
90.81118318204302,514
49.35533905932736,206
72.66904755831209,414
47.698484809834994,324
49.52691193458117,117
51.727922061357845,191
36.87005768508881,77
84.15432893255065,418
49.87005768508878,195
57.59797974644663,270
16.899494936611667,23
39.04163056034261,100
72.42640687119281,612
77.56854249492375,556
76.49747468305827,433
75.254833995939,530
72.91168824543138,465
27.384776310850242,67
48.04163056034261,196
43.11269837220809,91
61.597979746446626,277
74.8406204335659,759
56.52691193458117,305
53.01219330881974,352
76.74011537017756,187
52.18376618407354,216
80.15432893255065,344
111.61017305526632,788
54.76955262170044,335
77.15432893255064,551
109.6396103067892,845
60.012193308819725,256
57.69848480983498,262
41.45584412271571,118
65.94112549695426,422
71.74011537017758,288
73.49747468305829,508
73.49747468305829,415
66.45584412271569,364
68.28427124746189,330
46.38477631085023,161
61.76955262170044,407
48.8700576850888,220
36.142135623730944,119
62.35533905932735,578
70.01219330881972,161
25.384776310850242,36
24.55634918610405,44
49.941125496954264,206
93.98275605729683,836
60.526911934581165,420
60.94112549695426,458
46.455844122715696,177
73.32590180780447,300
57.79898987322331,245
65.59797974644664,517
55.69848480983497,357
43.4558441227157,205
45.284271247461895,226
90.22539674441612,450
69.25483399593901,373
72.49747468305829,355
66.01219330881972,584
87.81118318204301,322
65.84062043356592,469
61.35533905932734,421
45.76955262170046,119
72.49747468305829,296
54.526911934581165,207
54.769552621700456,219
82.81118318204302,891
48.52691193458117,307
130.75230867899725,970
56.11269837220809,196
101.05382386916229,695
64.8406204335659,332
24.384776310850242,38
80.74011537017756,789
44.284271247461895,190
55.87005768508878,319
13.485281374238573,22
87.98275605729684,887
74.98275605729684,345
67.0832611206852,308
44.526911934581186,116
81.0832611206852,509
97.2253967444161,810
85.56854249492375,430
59.52691193458116,238
63.25483399593901,448
61.59797974644663,508
70.18376618407353,644
82.91168824543136,338
78.08326112068518,725
66.59797974644664,420
55.76955262170045,245
57.11269837220807,267
74.15432893255065,320
63.52691193458116,333
100.2253967444161,791
67.0832611206852,294
92.22539674441612,858
36.55634918610404,206
44.4558441227157,135
45.52691193458118,196
55.426406871192825,301
82.08326112068518,1156
71.84062043356592,682
99.71067811865466,623
114.71067811865466,548
63.18376618407353,424
81.15432893255065,947
57.597979746446626,472
52.45584412271569,370
51.59797974644663,145
43.2842712474619,153
67.32590180780447,298
15.899494936611667,30
63.01219330881972,334
78.32590180780447,808
76.91168824543136,425
56.84062043356591,160
60.35533905932735,194
65.6690475583121,262
81.74011537017756,819
62.870057685088796,289
72.91168824543139,683
40.04163056034261,77
57.94112549695427,389
59.76955262170044,404
80.91168824543138,470
50.52691193458117,287
62.183766184073534,226
67.254833995939,376
64.59797974644663,366
91.74011537017755,579
82.15432893255064,1103
51.48528137423856,148
70.254833995939,632
41.79898987322332,201
55.941125496954264,286
62.28427124746188,363
90.46803743153541,563
83.56854249492375,492
80.74011537017755,608
40.21320343559643,112
63.01219330881973,390
45.11269837220809,109
66.254833995939,234
55.79898987322332,248
65.42640687119282,308
66.94112549695426,316
67.76955262170044,565
85.98275605729684,732
46.21320343559642,178
64.21320343559641,371
90.81118318204302,524
34.45584412271572,63
61.284271247461874,507
74.0832611206852,315
64.11269837220807,217
47.870057685088796,190
62.597979746446626,354
63.18376618407354,535
52.04163056034261,444
75.49747468305829,483
13.313708498984763,19
64.69848480983497,472
117.12489168102776,791
40.45584412271571,125
71.18376618407355,461
71.91168824543136,889
102.39696961966993,1027
70.59797974644663,588
34.041630560342625,110
32.213203435596434,112
77.32590180780447,554
70.18376618407353,716
96.4680374315354,890
46.970562748477136,182
73.42640687119281,853
50.31370849898475,157
46.62741699796952,243
111.61017305526632,510
82.74011537017756,551
15.485281374238573,18
50.52691193458118,362
49.01219330881974,108
56.698484809834966,272
61.6690475583121,184
62.97056274847712,315
78.0832611206852,434
71.49747468305829,639
61.25483399593901,264
52.941125496954264,378
71.18376618407353,459
64.28427124746187,393
46.28427124746189,284
78.91168824543138,470
58.941125496954264,400
61.35533905932735,379
48.94112549695427,192
51.52691193458117,223
73.01219330881972,662
28.213203435596434,61
73.91168824543138,397
58.59797974644663,247
112.36753236814704,1523
58.18376618407355,261
63.35533905932735,473
47.284271247461895,165
63.84062043356591,547
64.76955262170044,420
82.98275605729683,703
34.45584412271572,56
79.56854249492375,527
82.254833995939,1075
75.74011537017756,394
33.213203435596434,79
33.041630560342625,94
61.941125496954264,408
64.42640687119282,205
77.91168824543136,396
49.55634918610404,167
59.01219330881973,446
27.798989873223338,66
52.526911934581165,225
36.698484809835,79
74.76955262170044,619
74.49747468305829,436
59.59797974644663,351
65.0832611206852,204
95.6396103067892,974
61.35533905932735,432
65.35533905932735,540
80.81118318204302,526
86.32590180780446,1045
74.8406204335659,437
30.213203435596434,52
51.627416997969505,257
101.22539674441612,456
70.59797974644663,556
51.526911934581165,358
68.25483399593901,553
60.45584412271569,230
58.28427124746188,342
42.698484809834994,138
54.11269837220807,285
63.42640687119283,407
66.35533905932735,559
80.39696961966993,558
75.32590180780447,1133
72.84062043356592,364
45.284271247461895,117
79.91168824543138,691
55.355339059327356,311
76.91168824543138,731
68.59797974644663,412
41.52691193458118,99
59.35533905932735,312
61.84062043356591,433
22.313708498984763,40
20.72792206135786,37
46.21320343559642,134
38.8700576850888,103
15.899494936611667,28
63.911688245431385,153
157.23759005323598,950
74.32590180780447,441
66.49747468305829,487
98.46803743153538,623
63.2132034355964,377
53.76955262170045,240
68.42640687119282,572
81.63961030678921,604
74.49747468305827,291
57.59797974644664,270
74.49747468305829,460
82.74011537017756,824
76.42640687119282,283
93.0538238691623,582
52.69848480983499,160
52.59797974644664,238
66.6690475583121,327
49.21320343559641,235
92.98275605729684,493
42.04163056034261,155
81.49747468305829,1196
59.55634918610403,244
58.526911934581165,273
46.21320343559641,273
84.91168824543136,562
46.28427124746189,226
65.25483399593901,399
75.32590180780447,253
25.970562748477146,92
80.49747468305829,488
45.38477631085023,160
48.31370849898475,138
59.0416305603426,259
22.313708498984763,54
84.15432893255065,315
69.25483399593902,414
36.31370849898476,106
43.142135623730944,208
57.01219330881973,253
10.485281374238571,9
75.15432893255067,534
66.97056274847712,294
43.284271247461895,164
53.94112549695426,190
41.8700576850888,105
47.79898987322332,130
63.6690475583121,299
118.36753236814704,948
60.6274169979695,349
54.38477631085023,244
43.11269837220809,132
70.25483399593901,779
57.25483399593901,222
57.698484809834966,411
129.0243866176394,1188
56.25483399593901,311
53.769552621700456,462
60.66904755831211,227
18.72792206135786,24
57.183766184073534,232
76.08326112068518,548
57.45584412271568,423
57.79898987322331,744
80.254833995939,370
64.59797974644664,266
32.38477631085024,103
51.355339059327356,418
64.76955262170044,365
96.4680374315354,327
54.21320343559642,328
66.69848480983498,298
56.18376618407354,303
66.42640687119281,252
59.0832611206852,218
56.31370849898475,132
49.94112549695427,193
48.11269837220808,168
69.0832611206852,310
63.669047558312094,351
40.97056274847714,108
103.12489168102776,520
57.21320343559641,247
115.61017305526633,617
62.597979746446626,474
62.52691193458116,430
44.55634918610404,172
77.32590180780447,778
15.899494936611669,23
99.29646455628156,768
113.95331880577395,582
38.87005768508881,103
24.970562748477146,51
52.11269837220807,211
59.69848480983497,247
74.74011537017755,375
50.769552621700456,153
51.72792206135786,149
50.38477631085023,317
83.63961030678921,645
88.74011537017755,718
61.76955262170044,400
49.28427124746189,227
71.6690475583121,441
64.76955262170046,473
26.970562748477146,30
60.11269837220807,565
134.26702730475873,905
84.74011537017756,334
49.69848480983499,180
60.183766184073534,472
23.55634918610405,37
70.59797974644663,688
23.798989873223338,46
42.4558441227157,266
70.6690475583121,312
66.35533905932735,415
64.6690475583121,138
24.142135623730955,74
58.76955262170044,559
24.970562748477146,28
77.15432893255065,402
59.28427124746189,222
70.52691193458116,497
61.355339059327335,514
57.0416305603426,320
57.526911934581165,421
68.18376618407353,720
63.284271247461874,456
27.62741699796953,38
68.91168824543138,503
71.01219330881972,922
44.04163056034261,165
55.52691193458115,185
58.941125496954264,395
105.6396103067892,549
59.183766184073534,257
17.313708498984763,24
99.88225099390849,724
19.89949493661167,34
92.81118318204301,493
61.01219330881973,201
55.21320343559641,377
18.313708498984763,26
57.11269837220808,428
72.42640687119281,278
73.39696961966995,493
70.42640687119281,282
52.698484809834966,404
60.698484809834966,418
60.426406871192825,547
49.52691193458117,83
92.39696961966992,758
62.76955262170044,456
62.183766184073534,475
62.59797974644663,462
70.6690475583121,616
50.69848480983498,184
36.04163056034262,92
64.0832611206852,277
60.87005768508879,423
135.5807358037435,1088
29.798989873223338,43
59.11269837220806,435
46.18376618407355,99
60.597979746446626,315
56.76955262170045,458
59.69848480983498,363
65.76955262170044,501
20.89949493661167,31
69.01219330881972,346
53.59797974644664,122
57.526911934581165,270
50.87005768508879,208
64.4974746830583,300
36.14213562373095,109
66.11269837220807,445
99.39696961966992,573
83.0832611206852,466
52.941125496954264,190
54.355339059327356,374
14.485281374238573,23
42.55634918610404,128
24.72792206135786,50
80.56854249492375,359
49.97056274847713,373
43.4558441227157,99
65.0832611206852,144
66.11269837220807,388
49.94112549695427,174
67.18376618407353,470
56.18376618407354,158
60.79898987322332,314
72.8406204335659,776
60.18376618407354,264
61.87005768508878,370
63.18376618407354,450
71.32590180780447,449
67.0832611206852,278
72.0121933088197,534
21.55634918610405,31
139.58073580374352,786
41.11269837220809,93
64.6274169979695,254
48.69848480983498,240
60.183766184073534,514
91.39696961966993,780
71.42640687119282,786
72.66904755831209,520
52.112698372208065,243
57.76955262170044,346
67.18376618407353,417
60.59797974644664,397
25.556349186104054,41
61.18376618407355,380
53.69848480983498,201
51.142135623730944,152
61.59797974644664,395
59.35533905932736,399
71.11269837220806,392
46.455844122715696,306
60.183766184073534,124
34.72792206135786,98
91.81118318204301,809
67.59797974644663,374
45.69848480983499,192
86.39696961966993,955
84.05382386916231,676
91.8822509939085,224
44.2842712474619,226
50.28427124746188,294
47.2842712474619,109
46.89949493661166,111
65.32590180780447,255
48.21320343559641,195
39.62741699796952,159
71.42640687119282,411
73.91168824543138,344
66.0832611206852,236
74.01219330881972,516
46.14213562373094,182
44.556349186104036,179
55.59797974644664,160
66.254833995939,284
50.28427124746189,197
52.526911934581165,341
66.69848480983497,440
14.899494936611667,26
35.21320343559643,189
62.42640687119282,401
49.769552621700456,148
16.313708498984763,31
33.213203435596434,75
63.59797974644663,623
38.28427124746191,48
49.69848480983499,81
51.355339059327356,210
52.11269837220807,289
51.59797974644664,198
66.0832611206852,380
52.69848480983498,190
42.79898987322333,163
69.76955262170043,427
60.18376618407355,252
24.72792206135786,45
51.87005768508879,365
63.84062043356592,457
55.94112549695426,286
23.970562748477146,47
72.74011537017756,344
72.49747468305829,228
43.21320343559641,219
22.142135623730955,33
90.39696961966993,776
86.08326112068517,744
45.11269837220808,98
56.970562748477136,181
65.84062043356592,232
40.35533905932737,98
86.74011537017755,494
50.89949493661166,173
34.38477631085024,94
40.72792206135785,152
46.55634918610403,179
36.45584412271571,210
55.94112549695427,230
39.8700576850888,95
55.426406871192825,161
64.18376618407353,543
71.59797974644663,542
67.25483399593901,549
76.42640687119282,579
27.62741699796953,45
49.87005768508879,379
117.6101730552663,877
20.313708498984763,41
52.041630560342604,319
90.15432893255064,399
57.18376618407355,168
62.35533905932735,576
46.0416305603426,317
98.74011537017753,897
144.50966799187805,722
96.39696961966993,715
87.39696961966993,948
42.041630560342625,141
92.56854249492373,374
65.11269837220806,328
91.32590180780446,746
13.485281374238571,18
36.87005768508881,93
66.01219330881973,561
102.0538238691623,968
51.94112549695427,310
68.6690475583121,338
57.18376618407354,411
60.426406871192825,272
66.42640687119282,232
43.62741699796951,120
46.04163056034262,193
106.88225099390849,783
50.94112549695427,308
42.55634918610404,160
22.55634918610405,28
65.25483399593901,525
45.62741699796952,171
34.87005768508881,66
19.55634918610405,33
63.25483399593901,227
63.69848480983498,255
41.284271247461895,219
128.50966799187796,1369
95.0538238691623,839
38.698484809834994,68
59.28427124746189,258
95.63961030678921,756
68.94112549695426,319
15.727922061357859,18
57.69848480983498,296
66.59797974644663,263
80.84062043356589,679
63.426406871192825,280
54.94112549695427,260
81.56854249492375,451
59.183766184073534,262
43.69848480983499,164
30.62741699796953,97
42.04163056034261,102
52.727922061357845,160
66.59797974644663,372
110.36753236814704,620
60.59797974644663,298
91.56854249492373,517
96.2253967444161,662
42.69848480983499,281
96.05382386916229,610
32.627416997969526,58
113.46803743153538,1533
14.899494936611669,18
106.4680374315354,981
53.94112549695426,342
29.970562748477146,62
53.59797974644664,174
53.69848480983498,157
76.91168824543136,340
22.142135623730955,37
51.183766184073555,156
46.48528137423857,69
61.94112549695425,356
41.21320343559642,187
125.78174593052012,1014
57.76955262170044,243
43.52691193458118,147
59.526911934581165,299
88.49747468305826,893
72.42640687119281,264
60.87005768508878,404
44.52691193458117,357
64.97056274847714,267
67.76955262170044,609
59.79898987322332,270
75.0832611206852,579
38.87005768508881,168
83.81118318204302,241
60.76955262170044,277
54.25483399593901,133
54.79898987322332,178
23.142135623730955,58
38.62741699796952,83
66.49747468305829,520
67.76955262170044,269
88.63961030678921,611
29.213203435596434,51
52.76955262170045,321
55.284271247461874,250
62.76955262170045,402
91.46803743153541,499
84.74011537017756,768
59.11269837220807,248
79.15432893255065,479
63.284271247461874,380
22.142135623730955,50
58.11269837220807,422
52.52691193458117,354
79.74011537017756,237
44.970562748477136,438
34.38477631085024,181
65.59797974644664,436
64.01219330881972,290
75.42640687119281,803
46.94112549695427,144
94.63961030678921,439
43.21320343559642,205
19.313708498984763,28
74.08326112068518,290
20.55634918610405,23
65.18376618407355,301
76.56854249492375,431
15.899494936611667,23
158.8233764908629,979
59.59797974644664,316
59.84062043356592,185
60.66904755831211,447
83.74011537017756,433
60.6690475583121,315
70.01219330881972,578
79.91168824543136,701
55.355339059327356,190
123.85281374238559,844
94.0538238691623,594
75.254833995939,609
54.76955262170045,233
64.84062043356592,481
69.91168824543138,418
69.01219330881972,356
82.63961030678922,432
34.627416997969526,86
55.769552621700456,228
82.32590180780447,636
83.32590180780447,452
52.11269837220808,437
104.4680374315354,600
65.18376618407353,667
41.8700576850888,202
62.11269837220807,317
81.22539674441612,441
77.98275605729683,315
45.941125496954264,216
53.59797974644665,108
53.21320343559641,231
97.22539674441612,447
61.21320343559641,346
12.485281374238571,15
61.355339059327356,348
82.15432893255064,542
52.941125496954264,222
63.94112549695426,646
58.69848480983498,362
62.254833995939,323
72.91168824543136,422
89.56854249492373,874
57.87005768508878,223
37.2842712474619,90
105.05382386916229,1402
19.142135623730955,23
14.071067811865477,17
75.08326112068518,568
73.66904755831209,414
70.66904755831209,645
66.84062043356592,523
78.49747468305829,507
66.35533905932735,466
42.28427124746189,130
72.91168824543138,351
56.28427124746189,368
50.69848480983498,198
84.74011537017755,728
66.18376618407355,574
61.76955262170045,336
63.59797974644664,342
23.384776310850242,43
76.74011537017756,645
63.0416305603426,409
51.11269837220809,259
44.94112549695427,121
28.970562748477146,59
39.8700576850888,121
55.59797974644663,165
68.91168824543139,370
75.74011537017756,325
43.38477631085022,161
81.56854249492375,858
63.698484809834966,502
44.94112549695427,100
48.35533905932736,108
63.526911934581165,387
95.6396103067892,493
66.42640687119282,374
15.899494936611667,22
48.38477631085023,169
77.74011537017756,380
73.32590180780447,380
89.0538238691623,909
56.21320343559641,248
46.94112549695427,144
58.28427124746189,368
56.01219330881973,511
139.40916292848968,636
102.88225099390849,1439
33.213203435596434,87
55.18376618407354,140
50.941125496954264,179
99.6396103067892,579
72.0832611206852,438
61.94112549695424,270
77.0832611206852,294
99.22539674441612,1141
41.2842712474619,194
22.55634918610405,38
70.8406204335659,479
58.69848480983497,429
68.6690475583121,540
67.76955262170044,608
62.76955262170045,258
59.11269837220807,520
63.69848480983498,285
85.56854249492375,528
57.698484809834966,224
40.79898987322333,247
28.213203435596434,69
88.22539674441612,718
48.526911934581165,228
101.6396103067892,910
140.0243866176395,1394
70.49747468305829,427
58.840620433565924,474
72.25483399593901,438
87.32590180780447,832
72.74011537017755,454
50.94112549695427,247
54.112698372208065,229
85.15432893255064,901
76.0832611206852,599
40.2842712474619,86
47.870057685088796,207
92.22539674441613,532
47.94112549695427,151
46.52691193458118,149
26.798989873223338,54
49.59797974644664,72
55.38477631085022,282
68.01219330881972,382
66.49747468305829,435
55.94112549695426,260
76.66904755831209,714
38.04163056034261,101
86.15432893255064,769
70.84062043356592,385
43.970562748477136,194
50.04163056034261,416
52.79898987322332,250
56.18376618407354,237
60.76955262170045,276
30.213203435596434,65
42.698484809834994,129
75.56854249492375,594
95.98275605729684,394
62.6690475583121,167
57.52691193458117,382
103.0538238691623,1072
56.284271247461895,275
84.39696961966993,399
36.04163056034262,75
88.4680374315354,1065
75.32590180780447,817
58.35533905932735,294
59.698484809834966,241
21.384776310850242,32
51.941125496954264,268
93.39696961966992,879
98.2253967444161,453
89.32590180780447,1074
88.32590180780446,855
74.0832611206852,474
104.6396103067892,1086
45.4558441227157,265
48.35533905932736,124
59.597979746446626,375
29.62741699796953,59
55.69848480983498,379
51.69848480983499,263
63.254833995939016,456
63.59797974644664,469
66.84062043356592,298
58.012193308819725,356
57.18376618407355,299
57.04163056034261,137
147.82337649086284,670
46.21320343559641,205
35.62741699796952,68
80.66904755831207,592
52.526911934581165,289
59.556349186104036,372
119.36753236814704,929
104.46803743153538,620
79.91168824543136,888
58.727922061357845,267
58.18376618407354,247
61.213203435596405,286
42.698484809834994,149
71.91168824543138,283
57.59797974644663,267
48.79898987322332,203
88.63961030678921,553
74.59797974644664,826
67.01219330881973,607
28.142135623730958,45
32.38477631085024,95
52.11269837220808,200
50.870057685088796,264
63.84062043356591,402
67.59797974644664,305
74.08326112068518,476
78.15432893255064,634
66.59797974644663,187
56.28427124746188,400
58.76955262170045,266
119.61017305526632,755
116.53910524340085,846
59.18376618407355,274
65.84062043356592,310
66.35533905932735,405
64.18376618407355,346
90.0538238691623,1128
24.72792206135786,39
61.254833995939,117
62.76955262170044,230
38.698484809835,92
53.0416305603426,286
82.66904755831209,566
76.74011537017756,398
53.76955262170044,154
104.71067811865467,706
93.74011537017753,509
45.62741699796952,262
61.31370849898475,191
159.23759005323598,980
70.01219330881972,454
23.798989873223338,36
69.25483399593901,488
74.8406204335659,279
39.213203435596434,129
108.53910524340084,706
105.4680374315354,907
56.941125496954264,345
57.21320343559641,220
136.02438661763946,841
38.213203435596434,127
34.627416997969526,85
78.22539674441612,324
79.49747468305827,424
30.041630560342625,66
36.62741699796952,67
61.69848480983497,394
87.0538238691623,396
80.15432893255065,326
110.78174593052013,883
56.38477631085023,327
56.254833995939016,161
87.63961030678921,354
49.4558441227157,213
72.0832611206852,574
72.42640687119282,413
46.698484809834994,156
42.11269837220809,124
43.62741699796952,158
74.32590180780447,276
50.4558441227157,187
45.698484809834994,95
55.870057685088796,545
13.485281374238573,11
56.870057685088796,240
65.18376618407353,450
61.59797974644664,399
46.21320343559641,134
109.53910524340085,1102
65.18376618407353,338
55.62741699796951,259
75.42640687119281,424
52.041630560342604,250
103.4680374315354,603
94.81118318204302,366
57.526911934581165,217
60.18376618407354,558
66.0832611206852,382
83.15432893255065,638
20.72792206135786,40
72.32590180780447,317
16.48528137423857,21
43.69848480983499,99
51.526911934581165,169
18.72792206135786,25
48.59797974644665,299
54.62741699796951,231
16.142135623730955,15
40.698484809834994,156
104.53910524340085,922
90.63961030678921,505
18.313708498984763,36
58.11269837220807,393
33.79898987322334,60
65.49747468305829,339
123.36753236814704,810
101.81118318204302,435
14.899494936611667,24
37.04163056034262,172
45.698484809835,147
62.28427124746189,388
25.384776310850242,46
58.69848480983497,263
50.21320343559641,380
51.11269837220807,197
19.970562748477146,45
61.42640687119282,393
61.69848480983497,443
55.87005768508879,390
80.84062043356592,551
84.56854249492375,302
55.59797974644664,119
53.59797974644665,185
63.42640687119282,515
66.18376618407355,119
95.8822509939085,666
52.355339059327356,235
55.45584412271569,330
42.28427124746189,80
41.8700576850888,124
66.74011537017756,194
56.970562748477136,253
27.55634918610405,37
23.62741699796953,38
71.49747468305829,713
74.32590180780447,325
16.72792206135786,21
30.041630560342625,51
77.42640687119282,1060
67.32590180780447,332
55.76955262170044,267
69.01219330881972,185
48.11269837220809,226
76.91168824543138,605
52.69848480983498,300
24.970562748477146,39
80.39696961966992,561
82.74011537017756,467
70.66904755831209,408
59.28427124746188,340
56.769552621700456,274
57.0416305603426,241
72.254833995939,252
50.11269837220808,253
62.597979746446626,363
14.899494936611667,15
70.8406204335659,372
84.98275605729684,482
40.698484809834994,123
92.74011537017756,691
62.6690475583121,421
83.32590180780447,596
67.45584412271569,360
102.2253967444161,703
61.627416997969505,327
54.840620433565924,252
43.556349186104036,207
94.53910524340085,459
29.45584412271572,91
34.14213562373095,119
78.32590180780447,401
62.284271247461874,368
18.313708498984763,30
73.42640687119282,498
91.22539674441612,544
60.35533905932735,277
78.32590180780447,261
16.899494936611667,20
60.183766184073534,211
52.870057685088796,240
26.384776310850242,71
64.18376618407355,323
41.8700576850888,149
71.35533905932735,626
47.55634918610404,186
44.79898987322332,192
70.59797974644663,682
45.870057685088796,139
56.52691193458117,432
56.526911934581165,304
88.15432893255065,889
44.870057685088796,209
19.142135623730955,31
66.59797974644664,351
75.66904755831209,466
40.8700576850888,216
61.42640687119282,477
53.11269837220807,171
63.526911934581165,229
53.35533905932736,411
37.89949493661166,140
49.84062043356593,62
15.313708498984763,17
61.01219330881973,150
58.01219330881973,359
65.18376618407353,393
11.071067811865476,14
114.78174593052012,674
69.0832611206852,302
41.698484809834994,90
52.870057685088796,255
29.62741699796953,47
62.42640687119282,389
21.384776310850242,28
56.254833995939016,181
76.15432893255065,370
73.42640687119281,375
53.94112549695426,183
86.66904755831209,470
57.59797974644663,203
55.526911934581165,213
50.69848480983499,204
60.69848480983497,411
61.769552621700456,507
98.12489168102776,554
52.21320343559642,254
70.18376618407352,392
89.0538238691623,637
79.66904755831209,613
71.91168824543138,500
52.627416997969505,219
39.970562748477136,134
68.35533905932735,359
64.25483399593901,212
59.01219330881973,395
60.08326112068521,238
61.87005768508879,329
65.52691193458116,406
55.59797974644665,232
38.04163056034262,177
54.52691193458117,208
92.63961030678921,651
49.4558441227157,215
76.32590180780447,707
22.970562748477146,29
42.21320343559643,160
61.66904755831211,404
46.870057685088796,222
67.01219330881972,439
68.84062043356592,355
68.2132034355964,367
63.76955262170044,426
44.04163056034261,130
50.11269837220807,133
80.15432893255065,535
54.18376618407355,216
14.899494936611667,17
102.0538238691623,642
50.01219330881974,165
60.35533905932735,279
55.25483399593901,71
109.6396103067892,1230
87.39696961966993,254
29.97056274847715,46
84.91168824543136,1034
70.0832611206852,473
69.69848480983497,367
75.8406204335659,745
66.76955262170043,369
60.769552621700434,400
106.12489168102776,393
42.870057685088796,174
15.899494936611667,18
79.91168824543136,362
67.6690475583121,198
17.142135623730955,27
45.941125496954264,100
59.35533905932735,289
21.384776310850242,56
77.254833995939,559
66.42640687119284,345
52.76955262170045,251
85.81118318204302,822
68.254833995939,591
21.55634918610405,30
44.870057685088796,196
53.69848480983498,223
75.42640687119281,628
47.28427124746189,128
67.01219330881972,667
17.72792206135786,30
65.42640687119282,352
52.112698372208065,203
58.52691193458117,284
66.6690475583121,438
72.49747468305829,748
76.15432893255065,675
90.98275605729683,557
28.213203435596434,41
77.32590180780446,661
21.142135623730955,32
21.142135623730955,49
88.56854249492375,473
70.08326112068518,351
76.32590180780447,1065
59.183766184073534,454
57.87005768508879,286
56.112698372208065,323
69.59797974644663,389
57.76955262170045,210
58.426406871192825,281
67.254833995939,402
81.15432893255064,488
52.59797974644664,271
73.32590180780446,448
65.11269837220806,435
98.29646455628158,505
54.355339059327356,244
78.6690475583121,658
49.769552621700456,237
68.254833995939,440
77.91168824543138,588
61.66904755831211,181
72.42640687119281,538
52.18376618407355,146
68.42640687119282,206
49.627416997969505,214
91.98275605729684,1097
20.142135623730955,26
79.98275605729684,986
114.19595949289321,484
70.66904755831209,200
60.012193308819725,230
50.112698372208065,376
44.4558441227157,159
70.01219330881972,570
41.79898987322333,211
24.970562748477146,75
66.11269837220806,516
64.6690475583121,261
93.74011537017755,508
68.66904755831209,247
62.597979746446626,535
97.49747468305827,681
44.798989873223334,135
58.112698372208065,174
39.79898987322332,154
65.01219330881972,489
74.42640687119281,482
44.28427124746189,259
50.627416997969505,238
67.76955262170046,462
59.18376618407354,336
59.012193308819725,193
36.87005768508881,66
53.870057685088796,249
92.15432893255064,654
123.85281374238558,1028
28.213203435596434,59
57.11269837220808,343
55.11269837220807,337
78.66904755831209,575
44.76955262170046,92
86.63961030678921,539
67.59797974644663,390
56.284271247461874,350
45.11269837220808,128
81.15432893255065,488
51.870057685088796,360
67.42640687119281,309
104.2253967444161,526
59.426406871192825,260
69.18376618407353,476
42.21320343559643,113
24.384776310850242,44
56.112698372208065,384
79.74011537017755,678
54.627416997969505,286
68.254833995939,367
71.52691193458115,613
48.35533905932736,218
71.42640687119282,603
71.01219330881973,465
78.91168824543136,380
61.35533905932735,378
64.01219330881972,250
50.45584412271569,457
56.84062043356591,257
53.84062043356593,225
74.74011537017756,408
61.76955262170045,794
50.52691193458117,277
65.84062043356592,302
31.62741699796953,61
51.69848480983499,228
18.72792206135786,27
26.142135623730958,59
65.59797974644663,319
24.97056274847715,45
87.32590180780447,948
104.53910524340085,518
34.04163056034262,102
59.42640687119282,156
23.384776310850242,34
61.52691193458116,390
59.526911934581165,409
60.94112549695426,252
25.798989873223338,67
17.313708498984763,26
30.970562748477146,65
66.01219330881972,517
84.56854249492375,469
90.74011537017756,1075
52.69848480983498,220
61.52691193458116,362
25.970562748477146,59
24.384776310850242,54
66.76955262170044,522
63.455844122715696,341
84.15432893255065,344
57.769552621700456,288
146.75230867899734,1195
56.59797974644664,224
125.78174593052012,996
60.11269837220807,548
97.63961030678921,743
50.35533905932735,166
40.2842712474619,100
79.74011537017756,497
59.4558441227157,334
44.69848480983499,260
39.627416997969526,120
137.1665222413704,638
66.01219330881973,352
50.526911934581165,250
51.11269837220807,322
53.69848480983498,292
78.49747468305829,392
23.384776310850242,56
53.59797974644664,239
67.01219330881972,519
47.69848480983499,167
69.18376618407353,557
117.19595949289321,983
62.28427124746188,277
40.62741699796951,84
85.74011537017756,667
15.071067811865476,17
38.62741699796952,123
52.94112549695426,199
67.8406204335659,426
95.81118318204301,362
32.627416997969526,60
102.88225099390849,697
98.88225099390849,988
73.254833995939,542
78.49747468305827,588
81.39696961966992,391
65.01219330881972,97
48.11269837220808,100
66.6690475583121,305
34.97056274847714,126
24.727922061357862,38
62.426406871192825,467
50.69848480983499,370
83.91168824543138,596
84.0538238691623,659
39.698484809834994,284
21.142135623730955,44
72.6690475583121,487
95.39696961966993,354
52.355339059327356,186
96.29646455628158,506
71.94112549695426,545
91.98275605729683,416
82.98275605729684,384
49.79898987322332,345
49.04163056034261,228
56.69848480983498,347
24.142135623730955,41
60.79898987322332,262
50.35533905932736,208
122.19595949289321,1018
100.29646455628158,686
64.84062043356592,165
60.94112549695426,391
63.4264068711928,494
53.526911934581165,180
68.6690475583121,458
40.31370849898477,122
67.84062043356592,658
84.39696961966993,653
83.32590180780446,483
63.59797974644663,595
46.52691193458118,177
58.426406871192825,250
36.698484809835,71
103.05382386916229,1167
66.0416305603426,377
70.66904755831209,438
49.11269837220807,141
140.09545442950494,997
40.45584412271571,181
63.426406871192825,495
68.25483399593901,740
112.12489168102776,383
64.11269837220806,354
110.71067811865466,792
125.78174593052012,1442
81.66904755831209,762
70.84062043356592,546
68.74011537017756,454
52.28427124746188,302
53.284271247461874,189
81.15432893255065,371
67.59797974644663,422
64.11269837220809,133
68.59797974644663,360
62.597979746446626,478
57.426406871192825,191
99.88225099390849,347
32.62741699796953,68
66.52691193458116,430
52.941125496954264,285
74.6690475583121,462
131.509667991878,573
123.4386001800125,699
24.213203435596434,39
71.08326112068518,340
78.49747468305829,621
66.01219330881972,584
57.59797974644664,259
64.18376618407355,364
65.0832611206852,345
76.91168824543138,618
49.870057685088796,257
78.74011537017755,837
63.87005768508878,336
50.52691193458117,211
41.4558441227157,98
47.35533905932737,267
60.49747468305829,194
66.6690475583121,619
48.28427124746189,306
47.79898987322332,328
61.84062043356592,301
106.12489168102775,629
43.8700576850888,113
69.6690475583121,232
57.45584412271569,445
23.142135623730955,30
49.0416305603426,250
65.7989898732233,384
69.0832611206852,367
126.78174593052012,1174
46.31370849898475,197
48.769552621700456,109
55.526911934581165,175
60.69848480983497,364
45.62741699796952,187
60.597979746446626,470
63.84062043356591,381
54.355339059327356,239
67.91168824543138,254
102.22539674441612,1151
63.79898987322332,250
37.87005768508881,207
81.91168824543138,776
64.45584412271569,347
35.28427124746191,86
67.6690475583121,413
51.87005768508878,240
49.627416997969505,277
65.18376618407355,381
126.36753236814702,760
81.22539674441612,543
41.97056274847714,128
48.941125496954264,111
31.45584412271572,67
44.62741699796952,120
100.98275605729681,555
75.91168824543138,392
60.18376618407355,193
56.18376618407354,295
17.55634918610405,23
49.11269837220808,188
66.6690475583121,182
59.66904755831211,184
45.14213562373094,173
74.8406204335659,380
49.69848480983499,237
56.01219330881974,310
88.29646455628158,416
56.0416305603426,306
49.28427124746188,124
84.39696961966993,648
91.56854249492373,481
35.627416997969526,155
16.899494936611667,22
94.63961030678921,521
18.071067811865476,25
39.04163056034262,108
69.18376618407353,678
55.355339059327356,277
88.91168824543136,596
60.94112549695426,243
43.284271247461895,161
59.52691193458118,236
61.526911934581165,272
47.870057685088796,200
55.69848480983498,194
88.15432893255064,688
112.12489168102775,1237
89.56854249492375,580
72.59797974644664,431
50.727922061357845,197
57.94112549695426,187
63.597979746446626,307
49.94112549695427,168
98.29646455628158,309
53.284271247461874,232
78.15432893255065,449
45.04163056034261,241
68.42640687119281,415
25.970562748477146,44
65.84062043356592,549
52.59797974644664,483
49.11269837220807,282
65.18376618407353,508
95.4680374315354,457
20.142135623730955,39
54.76955262170045,237
17.55634918610405,38
60.59797974644663,346
48.94112549695427,246
101.2253967444161,434
42.94112549695427,137
74.49747468305829,559
69.42640687119282,482
79.91168824543138,727
65.6274169979695,287
47.14213562373095,155
47.4558441227157,260
66.91168824543138,404
85.98275605729683,598
61.69848480983497,527
59.941125496954264,222
44.69848480983498,238
77.39696961966993,368
45.94112549695427,273
59.426406871192825,196
95.39696961966993,769
44.94112549695427,197
63.84062043356592,382
12.656854249492381,18
75.254833995939,820
55.94112549695426,210
19.72792206135786,32
54.213203435596405,262
62.18376618407353,458
26.798989873223338,40
68.18376618407353,584
111.2253967444161,877
58.284271247461895,150
52.28427124746189,236
107.29646455628158,474
48.38477631085023,167
44.52691193458118,97
51.52691193458117,176
107.81118318204301,524
15.899494936611667,30
86.91168824543138,481
57.01219330881973,255
38.45584412271572,97
44.8700576850888,170
53.21320343559641,323
47.21320343559641,255
74.25483399593901,575
87.08326112068518,914
58.18376618407354,502
72.08326112068518,419
64.01219330881972,381
80.49747468305827,507
49.941125496954264,258
24.313708498984763,41
58.01219330881973,453
55.94112549695426,324
76.15432893255065,626
52.01219330881973,299
49.69848480983498,317
74.8406204335659,461
69.42640687119282,454
62.21320343559641,337
67.76955262170044,373
55.84062043356592,144
59.426406871192825,214
88.49747468305829,952
80.6690475583121,912
47.698484809834994,212
71.91168824543138,325
28.384776310850242,70
46.8700576850888,213
61.18376618407354,340
77.49747468305829,361
62.11269837220807,372
61.42640687119282,161
70.66904755831209,413
45.04163056034261,161
50.941125496954264,440
45.8700576850888,117
77.15432893255064,328
55.526911934581165,552
37.2842712474619,54
103.0538238691623,806
51.627416997969505,249
62.84062043356592,282
78.49747468305829,293
70.4264068711928,358
91.88225099390847,426
22.55634918610405,27
48.970562748477136,210
73.42640687119282,883
56.526911934581165,305
61.76955262170044,355
52.455844122715696,351
84.98275605729683,577
96.0538238691623,695
48.769552621700456,161
77.74011537017756,434
49.183766184073555,143
45.72792206135785,161
63.355339059327335,317
59.18376618407354,241
39.526911934581186,289
79.91168824543138,396
59.355339059327356,366
81.59797974644661,576
41.4558441227157,121
47.142135623730944,171
51.79898987322332,237
37.28427124746191,96
72.32590180780447,358
70.42640687119282,716
59.94112549695426,443
49.769552621700456,263
56.28427124746189,419
67.76955262170043,320
84.32590180780446,501
53.38477631085022,277
112.12489168102776,840
106.88225099390847,774
40.55634918610404,134
82.63961030678921,706
35.89949493661166,81
55.59797974644664,205
44.041630560342604,199
71.6690475583121,340
48.62741699796951,196
40.04163056034261,180
45.69848480983499,279
46.142135623730944,177
65.94112549695426,403
132.09545442950488,541
65.76955262170046,219
47.11269837220807,306
76.91168824543138,343
35.041630560342625,71
93.2253967444161,450
67.6690475583121,185
96.39696961966992,1081
63.04163056034259,381
71.6690475583121,183
22.313708498984763,53
93.98275605729683,572
56.698484809834966,363
56.18376618407355,393
60.012193308819725,180
26.798989873223338,48
20.55634918610405,30
71.01219330881972,294
45.2842712474619,321
61.597979746446626,356
84.56854249492375,345
60.76955262170044,274
55.55634918610403,213
46.31370849898476,148
78.98275605729683,615
62.84062043356592,607
38.284271247461895,183
55.11269837220807,321
54.01219330881973,203
51.28427124746189,107
63.45584412271569,332
70.0832611206852,538
48.52691193458117,128
26.798989873223338,33
72.59797974644663,427
58.28427124746188,337
24.798989873223338,39
42.14213562373095,127
60.597979746446626,251
15.071067811865477,21
58.870057685088796,375
51.28427124746188,319
68.32590180780447,374
57.597979746446626,230
64.52691193458116,371
55.45584412271569,434
74.25483399593898,344
96.4680374315354,522
64.25483399593901,247
69.91168824543138,365
43.284271247461895,129
20.72792206135786,51
15.727922061357859,19
86.15432893255063,637
51.35533905932736,210
18.72792206135786,25
66.94112549695426,287
47.89949493661166,153
81.91168824543136,654
91.4680374315354,630
93.39696961966992,569
63.18376618407354,260
46.79898987322332,198
18.72792206135786,24
56.28427124746189,301
44.870057685088796,293
45.97056274847713,241
40.38477631085023,193
46.556349186104036,158
26.213203435596434,39
30.041630560342625,73
43.62741699796951,150
78.56854249492375,820
10.071067811865476,11
93.4680374315354,412
91.98275605729684,466
63.911688245431385,423
58.76955262170045,307
73.42640687119281,353
56.94112549695427,341
69.59797974644663,360
78.49747468305829,660
74.49747468305829,287
60.012193308819725,251
66.42640687119282,406
51.526911934581165,246
92.0538238691623,445
50.52691193458117,215
73.91168824543138,171
65.18376618407353,382
66.01219330881973,507
74.25483399593901,524
59.0416305603426,351
45.870057685088796,308
46.45584412271571,318
71.74011537017755,453
69.84062043356592,310
79.66904755831209,680
60.455844122715696,391
80.74011537017756,376
54.69848480983497,285
40.21320343559641,181
69.94112549695424,536
52.870057685088796,302
81.98275605729684,344
63.941125496954264,381
78.32590180780446,841
70.0832611206852,468
81.66904755831209,734
53.11269837220807,207
79.91168824543138,566
52.38477631085022,269
12.242640687119286,13
45.52691193458117,189
56.0416305603426,285
56.426406871192825,342
70.8406204335659,429
125.68124086713178,806
137.3380951166242,812
39.142135623730944,147
44.284271247461895,123
46.52691193458117,184
37.45584412271571,73
54.28427124746188,580
12.071067811865476,17
67.94112549695426,408
77.0832611206852,352
59.284271247461874,318
46.28427124746189,232
26.142135623730955,43
63.911688245431385,171
88.6396103067892,688
63.69848480983497,456
71.25483399593901,373
49.94112549695427,155
103.22539674441612,788
21.313708498984763,35
135.68124086713183,1339
48.769552621700456,127
58.941125496954264,248
68.84062043356592,397
48.28427124746189,197
47.94112549695428,263
64.84062043356592,477
64.01219330881972,221
33.627416997969526,73
56.183766184073534,249
60.526911934581165,359
43.94112549695428,90
61.59797974644662,474
75.0832611206852,448
56.94112549695427,226
61.52691193458116,295
50.31370849898475,174
60.01219330881973,313
18.55634918610405,26
26.384776310850242,41
47.69848480983498,177
79.08326112068518,440
48.62741699796951,207
41.69848480983499,141
39.79898987322333,170
48.941125496954264,224
77.6690475583121,467
77.32590180780447,631
21.970562748477146,34
94.0538238691623,589
70.01219330881972,471
66.97056274847712,339
116.36753236814702,549
94.81118318204301,444
53.59797974644664,316
49.52691193458117,162
52.69848480983498,181
43.69848480983499,146
62.669047558312094,235
66.01219330881972,252
65.0832611206852,352
66.0832611206852,334
77.6690475583121,521
58.627416997969505,244
83.91168824543138,747
77.6690475583121,712
56.04163056034261,281
67.76955262170044,382
57.59797974644664,113
85.66904755831209,609
104.12489168102775,1019
65.28427124746187,432
55.01219330881973,434
48.21320343559641,364
77.91168824543136,555
21.970562748477146,27
76.32590180780447,311
95.39696961966993,957
71.91168824543138,260
57.11269837220807,352
46.69848480983498,188
56.59797974644663,345
39.8700576850888,80
70.49747468305829,494
62.669047558312094,227
28.213203435596434,47
114.78174593052013,737
18.55634918610405,33
40.62741699796952,122
84.98275605729684,645
88.81118318204302,304
68.49747468305829,420
44.94112549695427,310
61.426406871192825,302
49.55634918610404,175
53.35533905932736,262
61.11269837220808,424
54.35533905932736,208
82.91168824543136,604
140.92388155425112,1532
51.941125496954264,186
73.32590180780447,491
44.94112549695427,217
123.85281374238559,773
74.81118318204302,282
97.39696961966992,928
57.01219330881973,266
50.355339059327356,96
47.870057685088796,154
66.38477631085021,390
12.899494936611667,13
54.35533905932736,337
35.04163056034262,80
73.0832611206852,514
68.25483399593901,656
65.18376618407353,282
73.01219330881972,628
70.4974746830583,648
80.32590180780446,511
80.49747468305827,534
56.35533905932736,300
52.14213562373094,277
55.94112549695427,400
78.56854249492376,519
64.8700576850888,313
63.284271247461874,389
42.52691193458118,133
49.87005768508879,190
77.74011537017758,330
48.28427124746189,238
66.25483399593901,357
53.28427124746189,410
38.2842712474619,82
110.2253967444161,474
115.19595949289322,500
68.52691193458116,614
82.56854249492375,550
62.35533905932735,245
54.526911934581165,281
60.941125496954264,413
67.0832611206852,336
136.33809511662417,785
50.11269837220807,325
92.4680374315354,254
70.25483399593901,376
68.0832611206852,495
56.11269837220806,336
50.52691193458117,167
79.0121933088197,446
83.32590180780447,375
70.11269837220806,396
48.52691193458117,106
57.38477631085023,206
43.2842712474619,167
74.84062043356592,452
68.25483399593901,607
60.52691193458115,563
68.7989898732233,456
163.72287142747456,848
54.18376618407355,263
83.15432893255065,802
43.04163056034261,253
52.041630560342604,233
50.941125496954264,268
38.2842712474619,111
46.52691193458117,75
70.0832611206852,402
67.25483399593901,390
59.35533905932734,171
89.22539674441612,700
43.21320343559642,268
65.0832611206852,229
79.32590180780446,619
82.15432893255064,452
58.59797974644663,190
50.11269837220807,203
59.355339059327356,549
78.6690475583121,481
33.62741699796953,84
49.355339059327356,236
64.21320343559641,442
62.01219330881973,391
55.69848480983498,279
61.597979746446626,254
57.941125496954264,439
40.31370849898477,135
47.627416997969505,272
47.69848480983498,172
44.11269837220808,122
93.81118318204302,350
21.142135623730955,30
112.53910524340084,841
73.08326112068518,590
74.01219330881973,329
94.39696961966992,1331
45.52691193458118,149
66.69848480983497,549
53.28427124746189,372
66.52691193458116,473
57.941125496954264,243
75.66904755831209,519
66.49747468305829,270
57.84062043356592,358
74.0121933088197,657
46.2842712474619,143
82.15432893255064,481
61.76955262170045,316
63.727922061357845,256
55.627416997969505,352
56.35533905932735,267
68.6690475583121,448
50.69848480983498,320
63.18376618407355,285
79.25483399593901,658
68.94112549695426,494
94.6396103067892,974
73.32590180780447,529
91.56854249492373,765
110.2670273047587,863
63.01219330881972,206
82.91168824543138,560
42.870057685088796,94
51.18376618407355,250
85.08326112068517,618
47.627416997969505,227
28.213203435596434,71
68.91168824543138,277
75.49747468305829,550
58.526911934581165,174
72.84062043356592,560
65.0832611206852,529
92.53910524340085,537
75.08326112068518,422
143.16652224137044,727
112.29646455628158,875
75.49747468305827,237
74.59797974644663,536
30.62741699796953,52
56.254833995939016,130
57.18376618407354,265
92.56854249492375,727
73.0832611206852,304
69.11269837220806,577
59.69848480983499,282
49.941125496954264,129
75.42640687119281,438
56.87005768508879,298
55.28427124746188,345
53.526911934581165,157
81.49747468305827,345
80.56854249492375,404
42.79898987322333,151
66.84062043356592,438
50.87005768508879,408
67.11269837220807,409
55.01219330881973,266
60.76955262170044,245
48.52691193458117,315
38.384776310850235,59
55.941125496954264,201
63.01219330881973,266
69.98275605729685,285
57.59797974644664,354
92.4680374315354,408
62.62741699796951,341
80.74011537017756,368
39.142135623730944,119
33.87005768508881,74
70.84062043356592,1081
9.65685424949238,10
70.84062043356592,536
99.29646455628158,371
47.870057685088796,232
13.485281374238571,13
118.53910524340084,1355
62.52691193458115,468
78.254833995939,625
103.78174593052015,604
61.59797974644663,207
65.18376618407353,286
16.72792206135786,32
65.4974746830583,202
77.0832611206852,426
60.59797974644663,523
34.97056274847715,111
66.01219330881972,428
58.355339059327356,219
19.142135623730955,27
119.53910524340084,821
50.35533905932736,158
58.42640687119282,356
46.69848480983498,260
82.22539674441612,469
65.6274169979695,529
73.8406204335659,790
90.74011537017756,922
82.0121933088197,536
52.69848480983498,277
81.25483399593898,556
88.15432893255064,686
59.426406871192825,231
62.426406871192825,224
116.36753236814704,747
62.28427124746189,220
58.727922061357845,181
42.284271247461895,108
64.18376618407355,392
44.04163056034261,170
16.72792206135786,38
62.25483399593901,199
71.01219330881972,625
14.727922061357859,30
57.01219330881973,462
68.59797974644663,679
53.94112549695427,185
69.84062043356592,561
70.6690475583121,205
87.56854249492375,729
47.94112549695427,195
73.59797974644664,305
42.698484809834994,159
73.0832611206852,440
57.698484809834966,401
63.01219330881973,259
66.76955262170044,510
87.81118318204302,555
85.56854249492375,499
33.87005768508882,109
49.870057685088796,158
75.91168824543138,621
60.01219330881973,310
29.798989873223338,66
49.970562748477136,190
59.94112549695426,331
44.38477631085023,300
22.384776310850242,44
64.42640687119282,578
52.11269837220809,327
56.183766184073534,154
64.76955262170046,379
36.627416997969526,65
59.597979746446626,285
78.49747468305827,623
71.8406204335659,455
61.597979746446626,249
110.95331880577393,790
30.213203435596434,57
62.426406871192825,224
60.627416997969505,277
165.3086578651015,1478
23.55634918610405,70
60.526911934581165,386
47.52691193458118,155
20.970562748477146,20
58.79898987322332,330
56.69848480983499,320
71.25483399593901,496
84.254833995939,669
98.98275605729683,697
30.213203435596434,56
64.42640687119281,734
55.426406871192825,349
46.38477631085024,214
55.0416305603426,408
37.8700576850888,112
48.284271247461895,351
73.74011537017756,472
47.183766184073555,132
44.35533905932737,196
134.85281374238565,1291
64.18376618407353,322
70.25483399593901,630
50.970562748477136,190
69.32590180780447,249
47.21320343559641,213
40.04163056034261,102
62.627416997969505,210
58.355339059327356,203
18.142135623730955,26
64.25483399593901,417
40.04163056034261,120
57.012193308819725,329
53.59797974644663,192
68.59797974644663,354
